[
  {
    "id": "e3cd5d62-438f-4991-bf43-ee4f3c3f41f2",
    "data": [
      {
        "text": "Tell me room temperature",
        "userDefined": false
      }
    ],
    "isTemplate": false,
    "count": 0,
    "updated": 0
  },
  {
    "id": "01756f01-ab75-44e4-a222-b5feabf0e924",
    "data": [
      {
        "text": "How many degrees is there?",
        "userDefined": false
      }
    ],
    "isTemplate": false,
    "count": 0,
    "updated": 0
  },
  {
    "id": "535cb122-275a-4540-91fb-32cfb32f01de",
    "data": [
      {
        "text": "How many degrees is in this room?",
        "userDefined": false
      }
    ],
    "isTemplate": false,
    "count": 0,
    "updated": 0
  },
  {
    "id": "3b85169b-1b79-4213-be1d-379275936460",
    "data": [
      {
        "text": "How many degrees is in my room?",
        "userDefined": false
      }
    ],
    "isTemplate": false,
    "count": 0,
    "updated": 0
  },
  {
    "id": "e239b8e6-286f-4aab-92df-b4e6f772ea50",
    "data": [
      {
        "text": "Get temperature.",
        "userDefined": false
      }
    ],
    "isTemplate": false,
    "count": 0,
    "updated": 0
  },
  {
    "id": "9ffddc6a-e5f4-4a3c-a796-45570cfc8de5",
    "data": [
      {
        "text": "Get room temperature",
        "userDefined": false
      }
    ],
    "isTemplate": false,
    "count": 0,
    "updated": 0
  }
]