[
  {
    "id": "a37c4da3-5f6a-4dfe-9140-a4842d6d5162",
    "data": [
      {
        "text": "Is the trunk open?",
        "userDefined": false
      }
    ],
    "isTemplate": false,
    "count": 0,
    "updated": 0
  },
  {
    "id": "363a4425-084b-49e1-a06d-ce8275125b81",
    "data": [
      {
        "text": "Is the door open?",
        "userDefined": false
      }
    ],
    "isTemplate": false,
    "count": 0,
    "updated": 0
  },
  {
    "id": "8ab33244-59b0-4ce1-bb63-0a525aef0dfd",
    "data": [
      {
        "text": "Tell me state of door.",
        "userDefined": false
      }
    ],
    "isTemplate": false,
    "count": 0,
    "updated": 0
  },
  {
    "id": "664c6a2c-4f03-4749-86f5-dcae4f529019",
    "data": [
      {
        "text": "Tell me state of trunk.",
        "userDefined": false
      }
    ],
    "isTemplate": false,
    "count": 0,
    "updated": 0
  },
  {
    "id": "e722f1b9-fbc8-45c4-8ea1-16de7dbf1b96",
    "data": [
      {
        "text": "What about door?",
        "userDefined": false
      }
    ],
    "isTemplate": false,
    "count": 0,
    "updated": 0
  },
  {
    "id": "614eff67-88c3-452c-9fa8-f741bda941e7",
    "data": [
      {
        "text": "It suitcase open?",
        "userDefined": false
      }
    ],
    "isTemplate": false,
    "count": 0,
    "updated": 0
  },
  {
    "id": "334d0cba-be5f-4da6-bdc3-e132cdf56f28",
    "data": [
      {
        "text": "Is trunk open?",
        "userDefined": false
      }
    ],
    "isTemplate": false,
    "count": 0,
    "updated": 0
  },
  {
    "id": "09bff19f-3716-40c5-89cd-6b4fb7ffef6d",
    "data": [
      {
        "text": "Is door open?",
        "userDefined": false
      }
    ],
    "isTemplate": false,
    "count": 0,
    "updated": 0
  }
]