[
  {
    "id": "303b5828-7ec0-43ab-b684-2802d93c1713",
    "data": [
      {
        "text": "Is the socket on?",
        "userDefined": false
      }
    ],
    "isTemplate": false,
    "count": 0,
    "updated": 0
  },
  {
    "id": "8c0fea22-2cc3-44a1-a955-d54fb3acec97",
    "data": [
      {
        "text": "Tell me state of electric state,",
        "userDefined": false
      }
    ],
    "isTemplate": false,
    "count": 0,
    "updated": 0
  },
  {
    "id": "424536ea-e8b3-4f84-9666-36bc5bb98109",
    "data": [
      {
        "text": "Tell me state of socket.",
        "userDefined": false
      }
    ],
    "isTemplate": false,
    "count": 0,
    "updated": 0
  },
  {
    "id": "ef3563e1-e1d1-4a50-9920-e164f5dc0ee5",
    "data": [
      {
        "text": "Is the electric socket turned on?",
        "userDefined": false
      }
    ],
    "isTemplate": false,
    "count": 0,
    "updated": 0
  },
  {
    "id": "09cd27ab-63e8-42ee-b912-49f284d4f88f",
    "data": [
      {
        "text": "Is the socket turned on?",
        "userDefined": false
      }
    ],
    "isTemplate": false,
    "count": 0,
    "updated": 0
  },
  {
    "id": "03f6aa40-5482-46f8-8583-ca3efa553794",
    "data": [
      {
        "text": "Is socket on?",
        "userDefined": false
      }
    ],
    "isTemplate": false,
    "count": 0,
    "updated": 0
  }
]