[
  {
    "id": "36409c9f-e6ff-484a-b1be-5a1549717509",
    "data": [
      {
        "text": "Turn off the lights.",
        "userDefined": false
      }
    ],
    "isTemplate": false,
    "count": 0,
    "updated": 0
  },
  {
    "id": "cd14af86-34e5-47d1-96fe-696188e5aec9",
    "data": [
      {
        "text": "Turn off light.",
        "userDefined": false
      }
    ],
    "isTemplate": false,
    "count": 1,
    "updated": 0
  },
  {
    "id": "e4dbb23f-629d-4ef7-b96d-7a3e160289d8",
    "data": [
      {
        "text": "Turn off the light.",
        "userDefined": false
      }
    ],
    "isTemplate": false,
    "count": 0,
    "updated": 0
  },
  {
    "id": "6daddaf8-2082-42f4-8743-99aaa106de7e",
    "data": [
      {
        "text": "Stop light.",
        "userDefined": false
      }
    ],
    "isTemplate": false,
    "count": 0,
    "updated": 0
  },
  {
    "id": "1971b0c2-f5c0-4a3f-9f2e-9f5a5355f762",
    "data": [
      {
        "text": "Shutdown light.",
        "userDefined": false
      }
    ],
    "isTemplate": false,
    "count": 0,
    "updated": 0
  },
  {
    "id": "4ae4a897-8a0b-4df6-be7d-168940a6e4f9",
    "data": [
      {
        "text": "Light off.",
        "userDefined": false
      }
    ],
    "isTemplate": false,
    "count": 0,
    "updated": 0
  },
  {
    "id": "5efb0184-aa10-4c57-9d25-4209f6527875",
    "data": [
      {
        "text": "Turn light off.",
        "userDefined": false
      }
    ],
    "isTemplate": false,
    "count": 0,
    "updated": 0
  }
]