[
  {
    "id": "6b62ff29-4dec-4c01-b0f8-a075cbc37476",
    "data": [
      {
        "text": "Turn on the lights.",
        "userDefined": false
      }
    ],
    "isTemplate": false,
    "count": 0,
    "updated": 0
  },
  {
    "id": "832b749d-9ac7-443e-963c-4e72da1c0e70",
    "data": [
      {
        "text": "Turn on the light.",
        "userDefined": false
      }
    ],
    "isTemplate": false,
    "count": 0,
    "updated": 0
  },
  {
    "id": "8d1e607b-dd3a-4395-a453-5ff8a3d8c918",
    "data": [
      {
        "text": "Turn on light.",
        "userDefined": false
      }
    ],
    "isTemplate": false,
    "count": 0,
    "updated": 0
  },
  {
    "id": "a84a84db-97e4-4d5b-8f5d-c6f1b4518a48",
    "data": [
      {
        "text": "Light up.",
        "userDefined": false
      }
    ],
    "isTemplate": false,
    "count": 0,
    "updated": 0
  },
  {
    "id": "f2f79a65-1f7e-4e97-9264-2c38e1877f07",
    "data": [
      {
        "text": "Light on.",
        "userDefined": false
      }
    ],
    "isTemplate": false,
    "count": 0,
    "updated": 0
  },
  {
    "id": "fd9a55ae-1dac-4325-80fb-a261f1c4470c",
    "data": [
      {
        "text": "Turn light on.",
        "userDefined": false
      }
    ],
    "isTemplate": false,
    "count": 0,
    "updated": 0
  }
]