[
  {
    "id": "3d61ebfd-5f02-447e-8e3b-c06b299d884a",
    "data": [
      {
        "text": "Turn off thermostat",
        "userDefined": false
      }
    ],
    "isTemplate": false,
    "count": 0,
    "updated": 0
  },
  {
    "id": "58cc6893-9b80-4ea6-af63-de948ba09bce",
    "data": [
      {
        "text": "Stop heating.",
        "userDefined": false
      }
    ],
    "isTemplate": false,
    "count": 0,
    "updated": 0
  },
  {
    "id": "672a4eff-2418-4fcf-95ae-039a10af8c57",
    "data": [
      {
        "text": "Stop thermostat.",
        "userDefined": false
      }
    ],
    "isTemplate": false,
    "count": 0,
    "updated": 0
  },
  {
    "id": "58feeca6-5af1-466a-abd4-50e76ce0a306",
    "data": [
      {
        "text": "Turn thermostat off.",
        "userDefined": false
      }
    ],
    "isTemplate": false,
    "count": 0,
    "updated": 0
  },
  {
    "id": "0c16d309-1cf1-484f-ad30-a3845ada79bd",
    "data": [
      {
        "text": "Thermostat off.",
        "userDefined": false
      }
    ],
    "isTemplate": false,
    "count": 0,
    "updated": 0
  }
]