[
  {
    "id": "82241130-2357-4663-a051-aa8fb5954434",
    "data": [
      {
        "text": "Start heating.",
        "userDefined": false
      }
    ],
    "isTemplate": false,
    "count": 0,
    "updated": 0
  },
  {
    "id": "7f508da3-db8e-41e6-9cc4-7cae7fd87bb4",
    "data": [
      {
        "text": "Start thermostat.",
        "userDefined": false
      }
    ],
    "isTemplate": false,
    "count": 0,
    "updated": 0
  },
  {
    "id": "7bb12f25-1656-4d95-b673-a23bbbca4959",
    "data": [
      {
        "text": "Turn heating on.",
        "userDefined": false
      }
    ],
    "isTemplate": false,
    "count": 0,
    "updated": 0
  },
  {
    "id": "0ceea6d5-eff3-47e5-a422-0bbaa3cde379",
    "data": [
      {
        "text": "Turn thermostat on.",
        "userDefined": false
      }
    ],
    "isTemplate": false,
    "count": 0,
    "updated": 0
  },
  {
    "id": "5af4ef3f-b170-4bcd-a18c-a0139453a177",
    "data": [
      {
        "text": "Thermostat on.",
        "userDefined": false
      }
    ],
    "isTemplate": false,
    "count": 0,
    "updated": 0
  }
]