[
  {
    "id": "09ae8b1a-6a64-4691-abf6-3b5e9a4b7bd8",
    "data": [
      {
        "text": "Stop the socket.",
        "userDefined": false
      }
    ],
    "isTemplate": false,
    "count": 0,
    "updated": 0
  },
  {
    "id": "7d513d36-a1e6-430e-8eaf-7e94f220b67d",
    "data": [
      {
        "text": "Stop electric socket.",
        "userDefined": false
      }
    ],
    "isTemplate": false,
    "count": 0,
    "updated": 0
  },
  {
    "id": "cf1e92b2-cae7-4ee6-870d-e662585d923e",
    "data": [
      {
        "text": "Stop socket.",
        "userDefined": false
      }
    ],
    "isTemplate": false,
    "count": 0,
    "updated": 0
  },
  {
    "id": "b5105ec3-12ae-4246-b529-32c80f2c4c77",
    "data": [
      {
        "text": "Socket off.",
        "userDefined": false
      }
    ],
    "isTemplate": false,
    "count": 0,
    "updated": 0
  },
  {
    "id": "49e4bfd3-90a3-44da-8a27-3195b79f5517",
    "data": [
      {
        "text": "Turn off the socket.",
        "userDefined": false
      }
    ],
    "isTemplate": false,
    "count": 0,
    "updated": 0
  },
  {
    "id": "cb0fca94-30f6-46b9-94ef-d1a92ea066ec",
    "data": [
      {
        "text": "Turn off socket.",
        "userDefined": false
      }
    ],
    "isTemplate": false,
    "count": 0,
    "updated": 0
  },
  {
    "id": "6b2f6080-ad74-4543-b0e8-23d86653e151",
    "data": [
      {
        "text": "Turn the socket off.",
        "userDefined": false
      }
    ],
    "isTemplate": false,
    "count": 0,
    "updated": 0
  },
  {
    "id": "ed0607ff-d98a-40ec-9891-b668827fa7b4",
    "data": [
      {
        "text": "Turn socket off.",
        "userDefined": false
      }
    ],
    "isTemplate": false,
    "count": 0,
    "updated": 0
  }
]