[
  {
    "id": "9f160b87-9331-4aaa-b22c-df53bdac5ba7",
    "data": [
      {
        "text": "The socket on.",
        "userDefined": false
      }
    ],
    "isTemplate": false,
    "count": 0,
    "updated": 0
  },
  {
    "id": "59d760b1-1e94-48c4-b668-188dc3d4412b",
    "data": [
      {
        "text": "Socket on.",
        "userDefined": false
      }
    ],
    "isTemplate": false,
    "count": 0,
    "updated": 0
  },
  {
    "id": "f4d9a355-61e9-4c8a-8e02-e94af6589793",
    "data": [
      {
        "text": "Turn on electric socket.",
        "userDefined": false
      }
    ],
    "isTemplate": false,
    "count": 0,
    "updated": 0
  },
  {
    "id": "fbfe6274-d4f6-48de-9f33-c0da3c94a5f6",
    "data": [
      {
        "text": "Turn on socket.",
        "userDefined": false
      }
    ],
    "isTemplate": false,
    "count": 0,
    "updated": 0
  },
  {
    "id": "7818bcaa-38c8-4913-b5e2-4dd531b9e43d",
    "data": [
      {
        "text": "Turn on the socket.",
        "userDefined": false
      }
    ],
    "isTemplate": false,
    "count": 0,
    "updated": 0
  },
  {
    "id": "e125bc51-aeea-4ebd-b432-783c9847a0fc",
    "data": [
      {
        "text": "Start socket.",
        "userDefined": false
      }
    ],
    "isTemplate": false,
    "count": 0,
    "updated": 0
  },
  {
    "id": "732df749-7200-432f-b851-22f435750506",
    "data": [
      {
        "text": "Start the socket.",
        "userDefined": false
      }
    ],
    "isTemplate": false,
    "count": 0,
    "updated": 0
  },
  {
    "id": "9cfda492-f0cc-40bc-8399-8457b9f8f400",
    "data": [
      {
        "text": "Turn the electric socket on.",
        "userDefined": false
      }
    ],
    "isTemplate": false,
    "count": 0,
    "updated": 0
  },
  {
    "id": "6a51a546-de6e-4f52-a72c-b9032c308898",
    "data": [
      {
        "text": "Turn the socket on.",
        "userDefined": false
      }
    ],
    "isTemplate": false,
    "count": 0,
    "updated": 0
  },
  {
    "id": "ca2ed4a2-267f-4cd8-b1e5-ae61ab4fc0f7",
    "data": [
      {
        "text": "Turn socket on.",
        "userDefined": false
      }
    ],
    "isTemplate": false,
    "count": 0,
    "updated": 0
  }
]